,category,ingredients,instructions,link,title
0,"PIZZY, CHLEBY","200g vody, 1 vejce, 200g vařených a nastrouhaných brambor, 50g olivového oleje, 200g hladké mouky, 200g špaldové mouky, 20g droždí, lžička rýžového sirupu, 7-10g soli, vejce na potření.","Z vody, sirupu, droždí a lžíce mouky uděláme kvásek, necháme vykynout. Poté zapracujeme ostatní suroviny (nehněteme moc dlouho), vypracujeme lehce lepivé těsto (po vykynutí lepí víc) a necháme vykynout. Poté umotáme bochánky, necháme na plechu ještě 20-30min. nakynout, potřeme vejcem a posypeme mákem nebo kmínem. Pečeme ve vyhřáté troubě na 220°C asi 15min.",recept/163595/bramborove-bulky,Bramborové bulky
1,"MOUČNÍKY, POHÁRY","4 vejce, 2 zralé banány, 150g mletých ořechů, 100g třtinového cukru, 20g třtinového cukru s vanilkou, sůl, 60g pohankové mouky, 90g špaldové mouky, 7 g jedlé sody, 160g oleje","Žloutky vyšleháme s cukrem a solí do pěny. Přidáme olej, rozmačkané banány, ořechy, promixujeme. Poté mouky se sodou, nakonec sníh z bílků. Pečeme ve vyhřáté troubě na 170°C asi 40min.",recept/163594/orechovo-pohankova-babovka,Ořechovo-pohanková bábovka
2,CUKROVÍ,"50g goji, 2-3 lžičky medu, 30g kešu, 30g ovesných vloček jemných. Kokos a karob na obalení.","Goji, kešu a vločky v sekáčku rozdrtíme na prášek. Poté přidáme med a vlhkýma rukama (nebo kápneme pár kapek vody do těsta) vytvoříme pevnou hmotu. Necháme asi 30min. odležet. poté vlhkýma rukama tvarujeme kuličky, které obalujeme v kokosu nebo karobu.",recept/163593/goji-kulicky,Goji kuličky
3,CHUŤOVKY,"80g hladké špaldové mouky, 50g celozrnné špaldové mouky, 40g rýžové mouky, 130g brynzy, 1 vejce, 120g másla, 1-2 lžičky PP","Ze surovin vypracujeme těsto, necháme minimálně hodinu v lednici. Poté vyválíme, nakrájíme tyčinky a upečeme ve vyhřáté troubě na 200°C dozlatova. Potřeme vejcem a posypeme kmínem. Můžeme podávat jako přílohu k polévce.",recept/163592/brynzove-tycinky,Brynzové tyčinky
4,"MOUČNÍKY, POHÁRY","3 vejce, 1 zralý banán, 140g mletých ovesných vloček, malá lžíce medu, 2-3 jablka, 30g másla, 120g jogurtu, rozinky","Jablka oloupeme a nakrájíme na měsíčky. Na pánvi rozehřejeme máslo, přidáme med a mícháme dokud lehce neztmavne, poté skořici a jablka, promícháme, aby se obalila. Rozmixujeme vajíčko s banánem, přidáme vločky, jogurt a rozinky. Kulatou formu (průměr 22-23cm) vymažeme máslem, rozprostřeme směs s jablky a na to nalijeme těsto. Pečeme ve vyhřáté troubě na 190°C a pečeme asi 30min. Necháme vychladnout a vyklopíme. Recept dle břicháče Toma.",recept/163591/zdravy-jablecny-kolac,Zdravý jablečný koláč
6,DORTY,"světlý korpus, vanilkový krém s mascarpone, jahody, banány, smartflex velvet, domácí barevný karamel",na motiv TV seriálu,recept/163589/breaking-bad,Breaking Bad
7,POMALÝ HRNEC,"* VRABEC: 500 g vepřové plece, 1 cibule, 6 stroužků česneku, sůl, drcený kmín, pepř, 100 ml vody, hladká mouka; * ŽITNO-BRAMBOROVÉ KNEDLÍKY: 500 g syrových oloupaných brambor, 100 g žitné celozrnné mouky, 100 g polohrubé pšeničné mouky, 1 vejce, sůl; * ŠPENÁT: špenátové listy (nebo protlak), cibule, smetana, vejce, česnek, sůl","Moravský vrabec:Připravit suroviny - maso nakrájet na kostky, cibuli nakrájet na kostičky, česnek prolisovat a utřít se solí.Cibuli vložit na dno hrnce.Maso důkladně promatlat česnekem a rozložit na cibuli.Podlít vodou, okmínovat,  opepřit a poprášit troškou hladké mouky.Pomalit 5 hodin na LOW.Na závěr podle potřeby zahustit (hraškou na zahušťování,  jíškou...).
Žitno-bramborové knedlíky (à la chlupaté):Brambory nastrouhat na struhadle s jemnými očky, trochu vymačkat a slít tekutinu.Přidat obě mouky + vejce + sůl a vypracovat těsto.Z těsta vytvořit knedlíčky nebo noky (dělám velikost cca míčku na ping pong).Vařit v páře 15 minut.Špenát:Klasická úprava - špenátové listy podusit na nadrobno pokrájené cibulce, ke konci přidat smetanu, nakonec zamíchat žloutek nebo celé vajíčko a po odstavení dochutit česnekem utřeným se solí.",recept/163588/moravsky-vrabec-se-spenatem-a-zitno-bramborovymi-knedliky,Moravský vrabec se špenátem a žitno-bramborovými knedlíky
8,"MOUČNÍKY, POHÁRY","Korpus: 3 vejce, 380 g nahrubo nastrouhané cukety, 3 PL oleje, 200 g cukru krupice, 400 g polohrubé mouky, 1 prášek do pečiva, 1 PL skořice. Poleva: 130 g bílé čokolády, 4 PL šťávy z borůvek, 1 bílá poleva Carla.","Je to již 9 let, co jsem dělala podle zde zveřejněného receptu buchtu a la kravička Milka. S korpusem byl problém, ale poleva dobrá. Teď jsem měla chuť na borůvky a potřebovala jsem zpracovat poslední cuketu, proto jsem jako korpus udělala cuketovou buchtu, ale může být klidně i hrnková nebo jakákoliv jiná. Tady jde hlavně o polevu. Od léta mám v mrazničce lesní borůvky. Na polevu potřebujeme povařit asi 2 lžíce borůvek s 1 lžící cukru a asi 3 lžícemi vody. (Nebo můžeme použít borůvkový kompot.) Nad párou rozpustíme bílou čokoládu, odstavíme ji a vmícháme do ní přes sítko přecezené 4 lžíce studené borůvkové šťávy. Polevu rozetřeme na studený korpus a hned bílou polevou nastříkáme fleky. Necháme vše ztuhnou a pak krájíme nožem pilkou.",recept/163585/vesele-rezy-jako-kravicka-milka,Veselé řezy jako kravička Milka
9,"MOUČNÍKY, POHÁRY","25 dkg polohrubé mouky, 15 dkg krupicového cukru, 1/2 skleničky oleje ( asi 1 dcl ), 5 vajec, 3 lžíce vody, 1 prášek do perníku. Asi 1 kg nastrouhaných a oloupaných jablek, mletá skořice a vanilkový cukr  Tvarohový krém: 1 tvaroh ve vaničce, 1/2 másla, 1 pomazánkové máslo, cukr podle chuti","Moučník je lahodný a ještě lepší druhý den po rozležení v lednici. Na větší plech............ dávám ten klasický s vyšším okrajem, dáme pečící papír, na který pravidelně rozetřeme nastrouhaná jablka se skořicí a cukrem, dle vaší chuti.Vyšleháme cukr s vejci, vodou, přidáme mouku s práškem do perníku, olej a důkladně promícháme.Těstem zalijeme jablečnou vrstvu a pečeme asi 25 minut při teplotě 180°C ( dle vaší trouby ) Upečený, vychladlý moučník na plechu, překryjte druhým plechem a překlopte tak, že jablková vrstva je nahoře. Potřeme vyšlehaným tvarohovým krémem a povrch posypeme lehoučce mletou skořicí.TIP: Po převrácení pro gurmány můžete pokapat rumem a až potom dát tvarohový krém.",recept/163584/jablecny-sen,JABLEČNÝ SEN
10,"PIZZY, CHLEBY","200g vody, 1 vejce, 200g vařených a nastrouhaných brambor, 50g olivového oleje, 200g hladké mouky, 200g špaldové mouky, 20g droždí, lžička rýžového sirupu, 7-10g soli, vejce na potření.","Z vody, sirupu, droždí a lžíce mouky uděláme kvásek, necháme vykynout. Poté zapracujeme ostatní suroviny (nehněteme moc dlouho), vypracujeme lehce lepivé těsto (po vykynutí lepí víc) a necháme vykynout. Poté umotáme bochánky, necháme na plechu ještě 20-30min. nakynout, potřeme vejcem a posypeme mákem nebo kmínem. Pečeme ve vyhřáté troubě na 220°C asi 15min.",recept/163595/bramborove-bulky,Bramborové bulky
11,"MOUČNÍKY, POHÁRY","4 vejce, 2 zralé banány, 150g mletých ořechů, 100g třtinového cukru, 20g třtinového cukru s vanilkou, sůl, 60g pohankové mouky, 90g špaldové mouky, 7 g jedlé sody, 160g oleje","Žloutky vyšleháme s cukrem a solí do pěny. Přidáme olej, rozmačkané banány, ořechy, promixujeme. Poté mouky se sodou, nakonec sníh z bílků. Pečeme ve vyhřáté troubě na 170°C asi 40min.",recept/163594/orechovo-pohankova-babovka,Ořechovo-pohanková bábovka
12,CUKROVÍ,"50g goji, 2-3 lžičky medu, 30g kešu, 30g ovesných vloček jemných. Kokos a karob na obalení.","Goji, kešu a vločky v sekáčku rozdrtíme na prášek. Poté přidáme med a vlhkýma rukama (nebo kápneme pár kapek vody do těsta) vytvoříme pevnou hmotu. Necháme asi 30min. odležet. poté vlhkýma rukama tvarujeme kuličky, které obalujeme v kokosu nebo karobu.",recept/163593/goji-kulicky,Goji kuličky
13,CHUŤOVKY,"80g hladké špaldové mouky, 50g celozrnné špaldové mouky, 40g rýžové mouky, 130g brynzy, 1 vejce, 120g másla, 1-2 lžičky PP","Ze surovin vypracujeme těsto, necháme minimálně hodinu v lednici. Poté vyválíme, nakrájíme tyčinky a upečeme ve vyhřáté troubě na 200°C dozlatova. Potřeme vejcem a posypeme kmínem. Můžeme podávat jako přílohu k polévce.",recept/163592/brynzove-tycinky,Brynzové tyčinky
14,"MOUČNÍKY, POHÁRY","3 vejce, 1 zralý banán, 140g mletých ovesných vloček, malá lžíce medu, 2-3 jablka, 30g másla, 120g jogurtu, rozinky","Jablka oloupeme a nakrájíme na měsíčky. Na pánvi rozehřejeme máslo, přidáme med a mícháme dokud lehce neztmavne, poté skořici a jablka, promícháme, aby se obalila. Rozmixujeme vajíčko s banánem, přidáme vločky, jogurt a rozinky. Kulatou formu (průměr 22-23cm) vymažeme máslem, rozprostřeme směs s jablky a na to nalijeme těsto. Pečeme ve vyhřáté troubě na 190°C a pečeme asi 30min. Necháme vychladnout a vyklopíme. Recept dle břicháče Toma.",recept/163591/zdravy-jablecny-kolac,Zdravý jablečný koláč
16,DORTY,"světlý korpus, vanilkový krém s mascarpone, jahody, banány, smartflex velvet, domácí barevný karamel",na motiv TV seriálu,recept/163589/breaking-bad,Breaking Bad
17,POMALÝ HRNEC,"* VRABEC: 500 g vepřové plece, 1 cibule, 6 stroužků česneku, sůl, drcený kmín, pepř, 100 ml vody, hladká mouka; * ŽITNO-BRAMBOROVÉ KNEDLÍKY: 500 g syrových oloupaných brambor, 100 g žitné celozrnné mouky, 100 g polohrubé pšeničné mouky, 1 vejce, sůl; * ŠPENÁT: špenátové listy (nebo protlak), cibule, smetana, vejce, česnek, sůl","Moravský vrabec:Připravit suroviny - maso nakrájet na kostky, cibuli nakrájet na kostičky, česnek prolisovat a utřít se solí.Cibuli vložit na dno hrnce.Maso důkladně promatlat česnekem a rozložit na cibuli.Podlít vodou, okmínovat,  opepřit a poprášit troškou hladké mouky.Pomalit 5 hodin na LOW.Na závěr podle potřeby zahustit (hraškou na zahušťování,  jíškou...).
Žitno-bramborové knedlíky (à la chlupaté):Brambory nastrouhat na struhadle s jemnými očky, trochu vymačkat a slít tekutinu.Přidat obě mouky + vejce + sůl a vypracovat těsto.Z těsta vytvořit knedlíčky nebo noky (dělám velikost cca míčku na ping pong).Vařit v páře 15 minut.Špenát:Klasická úprava - špenátové listy podusit na nadrobno pokrájené cibulce, ke konci přidat smetanu, nakonec zamíchat žloutek nebo celé vajíčko a po odstavení dochutit česnekem utřeným se solí.",recept/163588/moravsky-vrabec-se-spenatem-a-zitno-bramborovymi-knedliky,Moravský vrabec se špenátem a žitno-bramborovými knedlíky
18,"MOUČNÍKY, POHÁRY","Korpus: 3 vejce, 380 g nahrubo nastrouhané cukety, 3 PL oleje, 200 g cukru krupice, 400 g polohrubé mouky, 1 prášek do pečiva, 1 PL skořice. Poleva: 130 g bílé čokolády, 4 PL šťávy z borůvek, 1 bílá poleva Carla.","Je to již 9 let, co jsem dělala podle zde zveřejněného receptu buchtu a la kravička Milka. S korpusem byl problém, ale poleva dobrá. Teď jsem měla chuť na borůvky a potřebovala jsem zpracovat poslední cuketu, proto jsem jako korpus udělala cuketovou buchtu, ale může být klidně i hrnková nebo jakákoliv jiná. Tady jde hlavně o polevu. Od léta mám v mrazničce lesní borůvky. Na polevu potřebujeme povařit asi 2 lžíce borůvek s 1 lžící cukru a asi 3 lžícemi vody. (Nebo můžeme použít borůvkový kompot.) Nad párou rozpustíme bílou čokoládu, odstavíme ji a vmícháme do ní přes sítko přecezené 4 lžíce studené borůvkové šťávy. Polevu rozetřeme na studený korpus a hned bílou polevou nastříkáme fleky. Necháme vše ztuhnou a pak krájíme nožem pilkou.",recept/163585/vesele-rezy-jako-kravicka-milka,Veselé řezy jako kravička Milka
19,"MOUČNÍKY, POHÁRY","25 dkg polohrubé mouky, 15 dkg krupicového cukru, 1/2 skleničky oleje ( asi 1 dcl ), 5 vajec, 3 lžíce vody, 1 prášek do perníku. Asi 1 kg nastrouhaných a oloupaných jablek, mletá skořice a vanilkový cukr  Tvarohový krém: 1 tvaroh ve vaničce, 1/2 másla, 1 pomazánkové máslo, cukr podle chuti","Moučník je lahodný a ještě lepší druhý den po rozležení v lednici. Na větší plech............ dávám ten klasický s vyšším okrajem, dáme pečící papír, na který pravidelně rozetřeme nastrouhaná jablka se skořicí a cukrem, dle vaší chuti.Vyšleháme cukr s vejci, vodou, přidáme mouku s práškem do perníku, olej a důkladně promícháme.Těstem zalijeme jablečnou vrstvu a pečeme asi 25 minut při teplotě 180°C ( dle vaší trouby ) Upečený, vychladlý moučník na plechu, překryjte druhým plechem a překlopte tak, že jablková vrstva je nahoře. Potřeme vyšlehaným tvarohovým krémem a povrch posypeme lehoučce mletou skořicí.TIP: Po převrácení pro gurmány můžete pokapat rumem a až potom dát tvarohový krém.",recept/163584/jablecny-sen,JABLEČNÝ SEN
20,DORTY,"Kakaový piškot,krém mascarpone,pod potahovku z bílů a mandarinky",Naštěstí si kamarádka koupila panenku a nemusela jsem modelovat.To by to dílo vypadalo úúúplně jinak :-D,recept/163583/league-of-legends,League of Legends
21,"MOUČNÍKY, POHÁRY","﻿1 balíček prášek do pečiva, ﻿2 hrnky hladká mouka, ﻿1/2 hrnku olej, ﻿250 ml šlehačka, ﻿1 balíček vanilkový cukr, ﻿1/2 hrnku mléko, ﻿1 hrnek cukr moučka, ﻿100 g čokoláda margot, ﻿2 ks vejce","Do mísy nastrouháme čokoládu margot. Přidáme, mouku, moučkový cukr, vanilkový cukr, prášek do pečiva a sypkou směs promícháme. Přilijeme šlehačku, olej, mléko a znovu důkladně zamícháme.Těsto vylijeme na vymazaný a moukou vysypaný hluboký plech, nebo do větší kulaté koláčové či dortové formy. Šlehačkové řezy margot pečeme v předehřáté troubě asi 35 minu",recept/163582/slehackove-rezy-margot-vareni-cz,Šlehačkové řezy Margot-vareni.cz
23,RYBY A DARY MOŘE,"Rybí filety (kostky), hořčice na potření filet, sůl, cibule na kolečka, slanina na plátky, máslo","Rybí filety osolit z obou stran, kdo chce může pokapat i trochou citronu. Potřít hořčicí z jedné strany, položit plátek slaniny, a několik koleček cibule. Dát do zapékací misky s trochou másla a péct až cibule a slanina chytí opečenost. Může se podávat s bramborem, nebo pečivem. Dobrou chuť",recept/163580/rybi-file-s-horcici-a-slaninou,Rybí file s hořčicí a slaninou
24,"SALÁTY, ZÁLIVKY","0,5 kg kyselého zelí 1 jablko 1 malá cibule 2 mrkve 1 paprika 2 lžíce řepkového oleje sůl (lze přidat i majonézu či tatarku dle chuti)","zelí překrojíme, jablko a mrkev nastrouháme, papriku nakrájíme, cibuli nastrouháme na zubatém struhadle na kašičku, vše smícháme, zakapeme olejem, osolíme, (lze přidat i majonézu či tatarku dle chuti)",recept/163579/vynikajici-vitaminovy-salat-z-kyseleho-zeli,vynikající vitamínový salát z kyselého zelí
25,POMALÝ HRNEC,"* KOLENO: vepřové koleno, sůl, pepř,mrkev, hrášek, křen, smetana, hraška na zahuštění (nebo jíška, mouka...); * KNEDLÍKY: 1 vejce, ½ hrnku mléka, ½ hrnku špaldové mouky (hladké, celozrnné nebo směs obou v různém poměru), 1 rohlík (obyčejný nebo celozrnný), ½ lžičky soli, hrst čerstvé petrželky, tuk na vymazání hrnků (máslo, olej...)","Koleno  lehce osolit a opepřit.Na dno hrnce dát pokrájenou mrkev a hrášek, na to položit koleno.Pomalit 7 hodin na LOW - cca 20 minut před koncem přidat trochu hrašky na zahušťování rozmíchané ve vodě.Potom maso vyjmout, přidat trochu smetany a hromadu nastrouhaného křenu. Špaldové knedlíky.Oddělit žloutek od bílku a z bílku vyšlehat tuhý sníh.
V misce smíchat žloutek + mléko + mouku + sůl + pokrájený rohlík + petržel.Opatrně vmíchat sníh z bílků.Směs přemístit do vymazaných hrnků (k okraji by mělo zbýt trochu místa).Hrnky vložit do parního hrnce a vařit 35 minut, poté nechat krátce vychladnout a vyklopit.",recept/163578/kolinko-s-krenem-a-spaldovymi-knedliky,Kolínko s křenem a špaldovými knedlíky
26,BEZLEPKOVÁ DIETA,5 vajec (pokojové teploty) 100 g pohankové mouky 100 g jemného krystalového cukru 1 vrchovatá lžíce mletých vlašských ořechů ½ kypřícího prášku do pečiva 1 vanilkový cukr,"Nejprve oddělíme žloutky od bílků. Z bílků ušleháme tuhý sníh, do kterého zašleháme 1/3 množství cukru. Žloutky, zbylý cukr, vanilkový cukr a mleté ořechy našleháme do pěny. Přidáme mouku, s kypřícím práškem a vše dobře promícháme. Nakonec lehce vmícháme sníh z bílků. Plech vyložíme pečícím papírem, který tence pomažeme máslem. Na něj rovnoměrně rozestřeme připravené těsto. Pečeme ve vyhřáté troubě při 200 °C 10 minut. Když vyndáme upečené těsto z trouby, počkáme asi 3 minuty, aby se vydýchalo. Teprve potom roládu svineme. Když úplně vychladne, pak ji podle vlastní chuti naplníme např. tvarohovým krémem: 250 g tvarohu v alobalu, 3 PL bílého hustého jogurtu (např. jihočeský ve skle), 3 PL cukru moučka (+ jahodová marmeláda).",recept/163577/pohankova-rolada-bez-mouky-tedy-bez-lepku,"Pohanková roláda (bez mouky, tedy bez lepku)"
27,MLETÉ MASO,"Cuketa, mleté maso, cibule, česnek, sušená rajčata v oleji, střední syrové rajče, chilli paprička ( dle chuti) , mletý pepř, sůl, čerstvý rozmarýn, sýr Parmezán nebo Gran Moravia + trošku eidamu ( kdo chce) . Máslo a trošku oleje na osmahnutí cibule.","Cuketu rozřízneme, vydlabeme vnitřek ze semínky, spodek cukety seřízneme tak, aby hezky ležela v pekáči. Cibuli osmahneme na másle + trošce oleje, přidáme mleté maso, osmahneme, přidáme česnek na plátky, sušená nakrájená rajčata a ostatní přísady. Cuketu vytřeme olejem ze sušených rajčat, navrstvíme směs z mletého masa a dáme zapéct do trouby asi na 30 minut. Pak posypeme nastrouhaným sýrem a dopečeme do zlatova.  Přeji dobrou chuť",recept/163576/zapecena-cuketa-s-mletym-masem-a-parmezanem,♥ Zapečená cuketa s mletým masem a parmezánem ♥
28,DOMÁCÍ MEDICÍNA,"1 kg - bobule rakytníku, 1,5 kg - cukr, 7 dkg - kyselina citronová.","Bobule rakytníku umyjeme a odšťavníme, šťávu smícháme s cukrem a kyselinou citronovou, přivedeme k varu, vypneme, plníme do lahví a používáme jako sladidlo do čaje v době viróz nebo jako šťávu smíchanou s vodou.",recept/163575/rakytnikovy-sirup,Rakytníkový sirup
29,HOVĚZÍ MASO,"750 g kýty, 2 střední cibule, 3 stroužky česneku, 2 PL sádla, 1 KL kmínu, 1 KL hořčice ½, jablka, ½ slovenské papriky, ½ l vývaru, sůl, pepř, mouku na obalení masa.","Vepřovou kýtu nakrájíme na menší, asi 1,5 cm tlusté plátky, potřeme hořčicí, osolíme, opepříme a obalíme v hladké mouce.Do papiňáku dáme rozpustit sádlo a zprudka takto připravené maso restujeme, po opečení dáme bokem. Poté vložíme na jemno nakrájenou cibuli, česnek, paprikou, kmín a osmažíme dozlatova (vše co se nám připeklo, cibule a paprika, uvolníme ode dna).Vložíme restované plátky a podlijeme vývarem, nastrouháme jablko a uzavřeme papiňák. Po cca 20 minutách otevřeme, vytáhneme maso, šťávu rozmixujeme ponorným mixérem. Pokud je potřeba, dochutíme solí a pepřem.Poznámka",recept/163574/veprova-kyta-na-kminu-a-cesneku-zahustena-jablkem-toprecepty-cz,Vepřová kýta na kmínu a česneku zahuštěná jablkem-toprecepty.cz
32,ZELENINOVÁ JÍDLA,"Ingredience: 1 květák, 200 g šunky nebo salámu, 100 ml mléka, 4 vejce, 1 cibule, 100 g strouhaného sýra, olej, sůl, pepř","Květák rozebereme na růžičky a vaříme ho chvíli v osolené vodě. Nesmíme ho rozvařit. Poté ho scedíme a necháme chvíli vystydnout.Cibuli nakrájíme a osmažíme ji na rozpáleném oleji. Dále přidáme nakrájenou šunku na kostky.Vejce rozšleháme s mlékem, solí a pepřem. Přidáme polovinu nastrouhaného sýru.Vymažeme pekáč, do kterého dáme drobné květákové růžičky, posypeme šunkou a zalijeme vaječnou směsí. Posypeme zbytkem sýra.Pečeme ve vyhřáté troubě na 200°C asi 15 minut.Zapečený květák s brambory je výborný.",recept/163570/zapeceny-kvetak-se-sunkou-a-syrem-podle-hany,Zapečený květák se šunkou  a sýrem-podle Hany
33,"MOUČNÍKY, POHÁRY","1 vejce, 100 g cukru krupice, 2 PL oleje, 80 g hladké mouky, 4 lžičky kakaa, 1 lžička prášku do pečiva, 190 g zakysané smetany, 250 g odtučněného tvarohu ve vaničce, 250 ml smetany ke šlehání, 100 g cukru moučka, 1 vanilkový cukr, 13 g práškové želatiny, 1 broskvový kompot, 1 žluté dortové želé.","Nevím, co vedlo autorku tohoto internetového receptu k tomu, aby korpus pokrájela na kousky a do dortu je naházela jen tak hala bala. Ale přiznávám, že mě fotografie natolik zaujala, že jsem se rozhodla tenhle netradiční dort vyzkoušet a to hned dvakrát po sobě. Jednou s čerstvými malinami a jogurtovou náplní, podruhé s broskvovým kompotem a šlehačkou. Ten druhý byl jemnější a mně osobně víc chutnal, proto ho vkládám.Celé vejce ušleháme s krupicovým cukrem do pěny, přidáváme olej a jen 100 g zakysané smetany, vše prošleháme. Směs mouky, kakaa a prášku vmícháme do těsta. Těsto upečeme v pečící formě s papírem. Vychladlý korpus pokrájíme na malé čtverečky. Broskvový kompot necháme okapat a šťávu zachytíme, 250 g broskví nakrájíme na malé kousky. Ze smetany ušleháme šlehačku. Tvaroh, zbytek zakysané smetany, moučkový a vanilkový cukr smícháme, lehce vmícháme šlehačku. Želatinu necháme 10 minut nabobtnat ve 3 lžících vody, zahřátím rozpustíme a vmícháme do krému dle návodu (2 lžíce krému do želatiny, pak vše nalít do krému). Dno dortové formy průměr 24 cm vyložíme potravinovou fólií.Do formy nasypeme 1/3 kostek a 1/3 broskví, rozetřeme několik lžic krému, opakujeme, končíme krémem. Dort necháme v ledničce několik hodin ztuhnout. Dortové želé rozmícháme ve vodě s broskvovou šťávou (půl na půl) a minutu povaříme. Zbývající broskve pokrájíme nahoru a zalijeme chladnoucím želé. Necháme ztuhnout nejlépe přes noc.",recept/163569/dort-mlecny-sen,"Dort ,,Mléčný sen“"
34,"MOUČNÍKY, POHÁRY","Biele cesto: 8 vajec, 25 dkg cukor prášk. 25 dkg múky polohrubej, 1/2 prášku do pečiva, 2 štamperlíky oleja, 2 štamperlíky rumu Tmavé cesto: 6 vejec, 20 dkg cukru práš. 2 lyžice kakaa a dovážiť do 20 dkg múky polohrubej, 1/2 prášku do pečiva, 1 štamperlík oleja, 2 štamperlíky rumu 3 poháre zavaraných marhúľ, 2 poháre lekvaru marhuľového, šťava z kompótu, rum na poliatie","Toto je môj najobľúbenejší koláčik. Zo surovín upečieme piškóty. Na biele cesto: cukor 2 celé vajcia a 6 žĺtkov do peny, potom pridáme olej rum múku a pdp. Na koniec sneh zo 6 bielkov. Na tmavé cesto: cukor 2celé vajcia a 4 žltka do peny olej rum múku s kakaaom a nakoniec sneh zo 4 bielkov upečieme. Na ďalší deň prekrojíme biele cesto vodorovne. Spodnú časť natrieme lekvárom uložíme tmavé cesto ktoré polejeme 100 ml šťavy a 2 štamperlíky rumu. Uložime marhúľe prerezenú časť bieleho cesta znovu natrieme lekvárom a pretočíme na koláč. Vrch necháme asi 2 hodiny obschnúť, potom prekryjeme vrch alobalom a zaťažíme najlepšie knihami. Necháme do ďalšieho dňa postáť aby koláč nasiakol chuťou marhúľ. Môžeme poliať čokoládou. Prajam dobrú chuť.",recept/163568/marhulove-rezy,Marhuľové rezy
52,BEZMASÁ JÍDLA,"1 cela dyne hokaido, 2 cibule, sul, 1 deci mleka (vegan nahradi rostlinnym, pokud nemame v nejhorsim tepla voda), par lzic masla - nemusi byt, jakekoliv koreni","Dyni umyjeme, polozime celou i se slupkou na plech na spodni rost. Peceme asi půl hodiny 200 C. Do změknutí (pomocí píchnutí vidličkou poznáme).Mezitim nakrajime cibuli na kosticky a usmazime na oleji. Dyni vydlabeme lzici, nakrajime na kostky. Nyni neni tak tvrda a jde to jako po masle. Slupka je mekka a jedla. Mleko s maslem ohrejeme v jednom hrnku, aby bylo teple, ne horke.Kostky i se slupkou rozmixujeme s cibuli, mlekem, maslem a soli.Naše deti nemají rády kousky cibule. Proto mixuji dohromady. Jde zamíchat i do rozmixovane směsi posléze.
Na fotografii je sojove maso. Kostky uvarene 10-15 minut v okorenene vode. Vymackat poradne vodu. Smazene na te stejne panvi od cibule (cast cibule muzeme nechat) s grilovacim korenim.",recept/163547/dynove-pyre-bez-krajeni,Dynove pyre bez krajeni
53,MLETÉ MASO,"700 mg mletého masa, sůl, pepř, grilovací koření, 1 vejce, 19 ks slovenských paprik, 2 cibule, 6 rajčat, 2 lžíce kečupu, 1 lžíce hladké mouky, 2 lžíce másla.","Mleté maso osolíme, opepříme, přidáme grilovací koření, 1 vejce, 1 hrneček (250 ml) nevařené rýže a vše smícháme. Do vyššího pekáčku dáme nahrubo nakrájenou cibuli. Směsí naplněné papriky do 3/4, naskládáme papriky špičkou dolů. Mezi vložíme vršky paprik, rajčata, 2 lžíce kečupu, osolíme, opepříme, přidáme grilovací koření a 2 hrnečky vody. Přikryjeme puklicí a při 180°C pečeme 1 hodinu. Po té papriky otočíme a bez puklice pečeme 1/4 hodinu. Papriky vyndáme, směs zaprášíme moukou, přidáme máslo a chvilku bez puklice propečeme. Směs přecedíme. Jídlo jsem nestačila nafotit, jak rychle se snědlo, příště nafotím. Příloha - brambory nakrájím, osolím a na vymazaném pekáči olejem, peču současně s paprikami, abych ušetřila elektriku :-). Na talíř položím papriku, zaliji sosem a přidám brambory.",recept/163546/jarmilky-plnene-papriky,Jarmilky plněné papriky
54,HOVĚZÍ MASO,"Rozpis na 4 porce: 400-500 g	hovězího krku, 1-2 ks	cibule, 4 ks	stroužky česneku, 2 lžíce	sádla, 1 lžička	drceného kmínu, 300 ml	hovězího vývaru, Na špenát: 350 g	balení mraženého listového špenátu, 100 ml	smetany na vaření 12 %, 1 lžíce	sádla, 1 lžíce	hladké mouky, 3 ks	stroužky česneku, 1 ks	cibule, 1 ks	vejce, pep,ř sůl,Na bramborový knedlík: 1 kg	brambor typu C, 200 g	hrubé mouky, 100 g	dětské krupičky, 2 lžíce	škrobové moučky (Solamylu,) 1 lžíce	octa, 1 ks	vejce, 1 ks	žloutek, sůl","Postup:1. Maso nakrájíme na kostky 3×3 cm velké2. Cibuli nakrájíme na kostičky a na rozpáleném sádle osmahneme dotmava, přidáme maso, osolíme, opepříme, okmínujeme, přidáme prolisovaný česnek a orestujeme ze všech stran 5 mnut3. Podlijeme vývarem a dusíme doměkka, během dušení podle potřeby přiléváme vývar4. Měkké maso vyjmeme a šťávu přecedíme přes jemné sítko, vrátíme zpět na plamen, přidáme maso a nakonec zjemníme máslem (kdo chce šťávy více, rozmíchá v trošce vody lžíci hladké mouky a přidá do šťávy a provaří)5. Podle chuti dosolíme, podáváme například se špenátem a bramborovým knedlíkem.Příprava špenátu:
1. V kastrolu si rozpálíme sádlo, přidáme na jemno pokrájenou cibuli a necháme ji zesklovatět2. Nasypeme mouku a vymícháme světlou jíšku3. Přidáme nerozmražený špenát, přilijeme smetanu a na mírném plameni za občasného míchání necháme špenát rozmrazit4. Ochutíme solí, pepřem a prolisovaným česnekem, je-li potřeba, podlijeme trochou vody5. Nakonec přidáme rozšlehané vejce, které nám špenát zahustí.Příprava bramborového knedlíku:Brambory si uvaříme ve slupce den předem. Oloupeme je a na jemno nastrouháme, přidáme mouku, krupičku, solamyl, sůl, vejce, ocet a rychle vypracujeme v těsto, z něhož vytvoříme dva válečky. Mezitím si necháme vařit osolenou vodu, v níž knedlíky zavařujeme asi 20 minut podle průměru.",recept/163545/hovezi-krk-na-cesneku-spenat-bramborovy-knedlik-podle-toma,"Hovězí krk na česneku, špenát, bramborový knedlík-podle TOMA"
55,"PIZZY, CHLEBY","1 malá cuketa, lžíce soli, 500 g špaldové nebo klasické bílé hladké mouky, 300 ml kefíru, 2 lžíce olivového oleje, 1 lžíce cukru, 2 stroužky česneku, 50 g nastrouhaného sýra, lžička soli, vrchovatá lžička jedlé sody, 4 kusy sušených rajčat v oleji, hrst čerstvého rozmarýnu a 25 g strouhaného sýra a 25 g tykvových semínek na posypání.",základem úspěchu je opravdu důkladně vymačkat cuketu – těsto pak nebude vodnaté a dobře se propeče.,recept/163544/domaci-cuketovy-chleb,Domácí cuketový chléb
56,"MOUČNÍKY, POHÁRY","Těsto: 400 g polohrubé mouky, 1 prášek do pečiva, 125 g cukru moučka, 200 g másla nebo Hery, 2 vejce, špetka soli. Náplň: 480 g nahrubo nastrouhaných jablek, 4 PL cukru krupice, 1 vanilkový pudinkový prášek, 400 ml vody, šťáva z ½ citronu, hrst rozinek.","Z uvedených surovin vypracujeme na vále hladké těsto, které zabalíme do potravinové fólie a necháme půl hodiny v ledničce odpočívat. Mezi tím si připravíme náplň: Nastrouhaná jablka s cukrem a 300 ml vody přivedeme k varu, vlijeme pudinkový prášek rozmíchaný ve 100 ml vody a minutu povaříme. Přidáme rozinky a citronovou šťávu. Náplň vychladíme. Do vymazaného plechu nebo na pečící papír rozválíme větší část těsta, potřeme náplní a nahoru naskládáme proužky nakrájeného těsta. Pečeme v troubě předehřáté na 180-200°C (pekla jsem 35 minut.) Klasika, která nikdy nezklame.",recept/163543/mrizkovy-kolac-s-jablecnou-naplni,Mřížkový koláč s jablečnou náplní
57,OMÁČKY,"Na přípravu budete potřebovat: Kuřecí stehenní řízky (může být jakékoliv maso, krůtí, vepřové), 1 velká cibule,  1 velká mrkev, 1/4 celeru, 3pl plnotučné hořčice, 200ml smetany na vaření, tymián, saturejka, nové koření, jalovec, sůl","Cibuli zesklovatíme na oleji, zarestujeme 3 lžíce hořčice, přidáme nakrájené maso na větší kousky a zeleninu na kostičky nebo nastrouhanou. Osolíme, dáme bylinky a koření, podlijeme a dusíme doměkka. Poté maso vyjmeme, zbytek propasírujeme a přilijeme smetanu. Dochutíme podle chuti ještě hořčicí, solí nebo špetkou cukru, jak kdo rád a zahustíme buď hotovou jíškou nebo rozkvedlanou moukou ve smetaně.",recept/163542/horcicova-omacka-skurecim-masem-podle-andrejky,Hořčicová omáčka skuřecím masem-podle Andrejky
58,DORTY,JEN PRO INSPIRACI,"Korpusy: citronový a kakaový - vykrajované do kruhů, aby tvořily šachovniciKrém: smetanovo mascarponový s hořkou čokoládoučokoládová ganache + máslovo mascarponový krém na obmazání celého dortuLesklá čokoládovo želatinová poleva obarvená potravinářskou fialkovou barvoua čokoládová polevaOzdoby z domácího mléčného marcipánuPečeno ve formě o průměru: 23 cm
Váha celého dortu: 2,5 kg",recept/163540/narozeninovy,NAROZENINOVÝ
61,ZAVAŘENINY,"mrkev, celer ,petržel, sladkokyselý lák ředěný 1:1","Kořenovou zeleninu (mrkev, celer petržel) nakrouhám do sklenic a zaliji dobrým lákem , zředěným vodou 1:1.Použiji i s nálevem na naložení masa např. na svíčkovou.Nejvíc dávám mrkve, zpracuji tak i nevzhedné či drobné  výpěstky ze zahrádky.Stejně nakládám kopr. Mladé výhonky stočím šroubovitě do skleničky, zarovnám přečuhující stonky a zaleji náleven , ředěným 1:1. Při vaření koprové omáčky použiji na ochucení i nálev.",recept/163537/zelenina-na-nakladani-masa,zelenina na nakládání masa
62,"PIZZY, CHLEBY","250ml mléka, 40g cukru, 80g měkkého másla, 2 žloutky, 500g hladké mouky, 1/2 kostky droždí, sůl, máslo na potření","Z mléka, droždí a cukru uděláme kvásek. Poté přidáme zbytek surovin a vypracujeme těsto. Necháme 30-60 min. kynout, poté vytvarujeme bochánky a dáme je na plech. necháme kynout 30min. Pečeme ve vyhřáté troubě na 180-200°C asi 20 min. Ještě horké je potřeme máslem.",recept/163536/rozpeky,Rozpeky
63,LUŠTĚNINY,"250g černé čočky, 1 větší mrkev, 2 řapíky celeru, 50g slaniny nebo pancety, 1 lžíce přepuštěného másla, 500ml vývaru, 1 lžíce javorového sirupu, 1 lžíce shoyu, 1 bobkový list, sůl, pepř","Na másle orestujeme nadrobno nakrájenou slaninu, mrkev a celer. Přidáme bobkový list a javorový sirup, ještě chvíli restujeme. Přidáme čočku a přilijeme trochu horkého vývaru (osoleného a opepřeného). Za občasného míchání vaříme do vyvaření vývaru a opakujeme do spotřebovaní nebo dokud čočka není vařená na skus. Na konci můžeme dochutit omáčkou shoyu.",recept/163535/cerna-cocka,Černá čočka
64,POLÉVKY,"Olej, cibule, brokolice, brambory, sůl, pepř, zeleninový vývar, libeček, petrželka, smetana na vaření, kuřecí prsní řízek, grilovací koření, světlá jíška Knorr (nedělá hrudky)","Na troše oleje osmažit dozlatova na drobno nakrájenou cibuli, na to na kousky nakrájenou brokolici a dost brambor, aby byla hustá, zalijeme zeleninovým vývarem, osolíme a opepříme dle chuti, přidáme nasekaný libeček a vaříme do měkka. Poté rozmixujeme ponorným mixérem, přidáme trochu smetany na vaření a petrželku, povaříme a kdo chce, ještě trochu zahustí světlou jíškou, ale nemusí být. Navrch klademe opečené kuřecí nudličky ochucené grilovacím kořením. Dobrou chuť :-)",recept/163534/brokolicovo-bramborovy-krem-s-opecenym-kurecim-masem,Brokolicovo-bramborový krém s opečeným kuřecím masem  
65,DORTY,"piškotový korpus, krém, punčovina, Pasta Dama, cukrové kuličky, panenka, živá kytička",můj první svatební :-) dárek pro kamarádkujeden den dovolené a několik stovek lístečků :-) a trpělivostijeden kulatý dort a bábovka (protože panenka je vysoká) + domodelované punčovinou,recept/163533/nevesta,nevěsta
66,DORTY,"piškotový korpus, krém, potah a ozdoby Pasta Dama",pro dva oslavence,recept/163532/srdicko-pro-rybare-a-konarku,srdíčko pro rybáře a koňařku
67,DORTY,"piškotový korpus, krém, potah a figurky Pasta Dama Stella","pro synovce taekwondistu, figurky mi nejdou, ale naštěstí se líbil i tak",recept/163531/taekwondo,taekwondo
68,DORTY,"piškotový korpus, krém, šupinky z bílé čokolády na obsypání, růžičky Smartlex velvet, cukrové perličky",zase jednou klasický,recept/163530/srdce,srdce
69,DORTY,"piškotový korpus, krém, punčovina, potah Pasta Dama Stella, cukrové perličky, zdobeno živými květy","můj první domodelovaný punčovinou, snaha o 3D efekt :-)",recept/163528/srdce,srdce
70,"MOUČNÍKY, POHÁRY","Těsto: 1 hrnek polohrubé mouky, 1/2 hrnku cukru krupice, 1/2 hrnku mléka, 1/4 hrnku oleje, 1 vejce, 1/2 prášku do pečiva, 1 lžíce kakaa; Krém: 500 ml mléka, 2 pudingy s banánovou příchutí, 125 g másla, 130 g moučkového cukru, 2 zakysané smetany (celkem 400 g); dále 5 banánů a 100 g strouhané hořké čokolády","Ze surovin na těsto upečeme korpus na 180°C a necháme vychladnout. Korpus je velmi nízký (nám to tak chutná). Pokud chcete klasickou výšku korpusu, upečte z dvojnásobné dávky těsta :o).Korpus poklademe kolečky banánů.Krém: Z mléka a pudingů uvaříme hustý puding a za občasného míchání necháme vychladnout. Vyšleháme máslo s cukrem. Vychladlý puding prošleháme metlami a postupně zašleháme do másla s cukrem. Nakonec zašleháme obě zakysané smetany.Krém natřeme na korpus s banány a posypeme strouhanou čokoládou.Řezy jsou výborné, jednoduché a lehké. Přeji dobrou chuť.",recept/163527/bananove-rezy,Banánové řezy
71,HOUBY,"1000 g menších brambor, 150 g hub (žampiony, hlíva nebo jiné houby), 150 g kuřecí šunky nebo mixu, 2 PL oleje, 40 g másla, drcená majoránka nebo čerstvá, 120 g taveného sýra s houbami nebo Mozzarelly, pepř, sůl","Brambory kartáčkem dobře omyjeme a uvaříme do poloměkka v osolené vodě. Pokrájíme na čtvrtky. Očištěné houby nakrájíme na plátky a krátce orestujeme na rozehřátém oleji s máslem a dáme stranou. Na oleji, buď na velké pánvi nebo na plechu (dozlatova upečeme brambůrky).Pokrájený kuřecí mix (nebo šunku) přidáme s houbami k opečeným brambůrkám a ještě chvíli dopečeme. Dochutíme majoránkou, solí a pepřem.Tavený sýr (nebo okapanou mozzarellu) rozložíme na brambory a necháme roztavit. Podáváme se salátem z řepy, okurek a polníčku.",recept/163526/zapecena-smes-z-brambor-syru-a-hub-toprecepty-cz,"Zapečená směs z brambor, sýrů a hub-toprecepty.cz"
72,"MOUČNÍKY, POHÁRY","Ingredience: 1x vejce, balíček vanilkového cukru, balíček prášku do pečiva, 200g Hery/másla či 200ml oleje, 300g dýně hokkaidó, 300g polohrubé mouky, 120g cukru, 12g holandského kakaa","Dýni očistíme, oloupeme slupku a najemno nastrouháme.Do misky dáme nastrouhanou dýni, vejce, vanilkový i klasický cukr, Heru, mouku (trochu Hery a mouky si necháme na vymazání formy) a prášek do pečiva. Vše pečlivě zamícháme.Formu na bábovku vymažeme zbytkem Hery a vysypeme zbytkem mouky. Nalijeme do formy jednu půlku těsta a do druhé půlky těsta přimícháme kakao. Poté tuto část těsta nalijeme do formy.Pečeme na 180°C cca 45 minut.",recept/163525/dynova-babovka-podle-janky,Dynová bábovka-podle Janky
77,DORTY,"Takový malý  dortík,jako poděkování za pomoc.","Kávový korpus, plněný krémem z ledových kaštanů,meruňkový džem a mandarinky.",recept/163519/soudek-pro-kamarada,Soudek pro kamaráda
78,"MOUČNÍKY, POHÁRY","Korpus: 4 vejce, 200 g cukru moučka, 200 g polohrubé mouky, 3 PL oleje. Jahodová vrstva: 550 g mixovaných jahod s cukrem, 1 vanilkový pudinkový prášek, 100 ml vody. Bílá vrstva: 500 g tvarohu ve vaničce, 150 g zakysané smetany, 250 ml smetany ke šlehání, 3 vrchovaté PL cukru moučka, 1 lžička citronové šťávy, 4 želatinové plátky. Dále: kousek hořké čokolády, čerstvé maliny.","Celá vejce s cukrem vyšleháme do nadýchané světlé pěny, lehce vmícháme olej a prosátou mouku. Těsto natřeme na vymazaný a vysypaný plech 30x40 cm a v troubě předehřáté na 180°C upečeme. Korpus necháme vychladnout.Jahody s cukrem přivedeme k varu (já použila mražené), vlijeme pudink rozmíchaný ve vodě a minutu povaříme. Horkou kaši nalijeme na piškot a necháme vychladnout. Ušleháme smetanu. Promícháme tvarohy s cukrem, zakysanou smetanou a citronovou šťávou, vmícháme šlehačku. V několika lžících studené vody necháme 10 minut nabobtnat želatinu a pak ji za stálého míchání slabě zahříváme až do úplného rozpuštění. 2 lžíce krému rozmícháme v želatině a pak spojíme se zbývajícím krémem. Po natření na korpus povrch zarovnáme a zvlníme. Moučník necháme v ledničce ztuhnout nejlépe do druhého dne. Jednotlivé řezy zdobíme strouhanou čokoládou a malinou.",recept/163518/jahodove-rezy-s-malinou,Jahodové řezy s malinou
79,"PIZZY, CHLEBY","Na pizzu je potřeba: 2 vejce,4 polévkové lžíce kysané smetany /bílý jogurt /, 4 pol.lž. majonézy,sůl, 9 polévko- vých lžic hladké mouky","Všechny suroviny dáme do misky a promícháme v hladké těsto.Běžným způsobem si připravíme náplň podle své chuti. Rozehřát na pánvi olej,nalít polovinu těsta + posypatnáplní ,kečup a strouhaný sýr.Pečeme pomalu asi 8 -10 minut.Je to syté a vynikající.Z tohoto množství jsou 2 pizzy v průměru 25 cm.Nemám ani obrázek,bylo to na zkoušku a rychle se to snědlo.",recept/163517/super-rychla-pizza,Super rychlá pizza
80,"NÁPOJE, DRINKY","1,5 l čisté vodky,1,5 kg šípků,3 celé skořice,omytá slupka z 1 citronu. 250 gr cukr krupice,250 ml voda.","Šípky pečlivě přebereme,propereme ve vodě,osušíme.Do skleněné lahve dáme šípky,citronovou kůru,skořici.Zalejeme vodkou,uzavřeme.Necháme 14 dní macerovat   při pokojové teplotě,klidně na okně na sluníčku.Přecedíme.Cukr svaříme s vodou (alespoň 3 min) necháme vařit.Necháme vychladnout,přilejeme k macerátu a slejeme do lahví od vodky.NA ZDRAVÍ.",recept/163516/sipkovice,ŠÍPKOVICE
81,POLÉVKY,"3 hrsti (300gr) na plátky nakrájených,omytých,očištěných hub,2 lžíce sádla,1 velká cibule,lžička kmínu,lžička soli,3 lžíce hladké mouky,1 litr vody,1 smetana (250 ml) 30%,lžička polévkového koření-nemusí být.","Na sádle orestujeme cibuli,přidáme kmín a houby.Dusíme 5 minut zaprášíme hladkou moukou,orestujeme.Zalejeme vodou,osolíme.Vaříme 10 minut,můžeme přidat lžičku polévkového koření.Zalejeme smetanou,necháme přivést k varu a hotovo.",recept/163515/houbova-rychla,HOUBOVÁ - rychlá
82,KUŘECÍ MASO A DRŮBEŽ,"1 větší kuře,  4 starší housky,  4 vejce,  100 g šunkového salám,u  100 g mandlí,  citron,  pažitka,  sůl,  100 g másla","Nejdříve si připravíme nádivku. Mandle dáme do hrnečku, spaříme (tj. zalijeme vařící vodou) a necháme je v ní, dokud nepůjde dobře stahovat slupka. Potom je oloupeme a jemně nasekáme. Máslo rozpustíme. Mírně ztvrdlé housky nakrájíme na drobné kostičky a také šunkový salám takto nakrájíme. Opláchneme a nasekáme i pažitku. Nakrájené housky zalijeme rozpuštěným máslem, přidáme šunkový salám, pažitku, mandle, žloutky, lžíci citrónové šťávy a vše dobře promícháme. Nakonec lehce vmícháme sníh z bílků. Kuře zevnitř i vně osolíme a nádivkou naplníme břišní dutinu. Tu uzavřeme jehlou, kuře položíme prsíčky dolů na pekáč, který jsme vytřeli kouskem másla a podlijeme trochou vody. Pečeme ho v troubě po dobu asi 45 - 60 minut (záleží na velikosti kuřete). Občas ho kontrolujeme a případně podléváme vodou. Asi po 30 minutách kuře otočíme a necháme dopéct. Pokud se nám všechna nádivka do kuřete nevešla, v tomto okamžiku ji můžeme samostatně přidat do pekáčku. Hotové kuře rozporcujeme, na každý talíř přidáme kousek nádivky. Podáváme s bramborem či bramborovou kaší a hlávkovým salátem nebo kompotem. Poznámka: Místo pažitky lze použít i čerstvý kopr, nádivka získá krásně aromatickou vůni. Tedy alespoň pro ty, kteří mají kopr rádi.",recept/163514/kure-s-mandlovou-nadivkou-ceskahospodyne-cz,Kuře s mandlovou nádivkou-ceskahospodyne.cz
83,"MOUČNÍKY, POHÁRY","2 hrnky špaldové mouky, 1 hrnek ovesných vloček, 1 hrnek mléka, 1 vejce, 2-3 lžíce chia semínek nabobtnaných ve vodě, 4 lžíce holandského kakaa, vanilkový pudink uvařený, 250 g nízkotučného tvarohu, borůvky, 2 nakrajená jablka nadrobno, kypřící prášek, mleté vlašské ořechy, směs semínek libovolné","Mouku smíchejte s ovesnými vločkami, kakaem, kypřícím práškem, chia semínky, nakrájenými jablky, skořicí, vejcem a sladidlem dle chuti. Směs dejte péct cca na 35-40 minut, cca 200 stupňů (dle zkušenosti s vlastní troubou).Poté nechte vychladnout, rozpulte a naplňte vanilkovým pudinkem, oslazeným tvarohem rozmíchaným s borůvkami a posypejte namletými ořechy. Navrch můžete dát zbytek pudinku. Před podáváním doporučuji vychladit na pár hodin.",recept/163512/cokoladovy-fitness-dort-ze-spaldove-mouky-s-jablky-a-boruvky,Čokoládový fitness dort ze špaldové mouky s jablky a boruvky
84,"PIZZY, CHLEBY",230 ml vody 7 lžic olivového oleje 150 g uvařených brambor 500 g hladké mouky 3 lžičky soli 1/2 kostky droždí 1 lžička medu nebo cukru krystal (nemusí být),"Vše dám do domácí pekárny-voda, olej, sůl,droždí, cukr, brambory-ani je moc nerozmačkávám a nakonec mouku. Program příprava těsta nebo pizza.Po vykynutí těsto vyndám na hodně pomoučněný vál. Brambory do těsta můžete využít třeba i z předešlého dne, když vám zbyly. Nelekněte se, těsto bude hodně lepkavé. Z tohoto množství můžete udělat dvě nohavice-velké bagety nebo tři menší. Rozdělte si těsto a srolujte ho v nohavici. Hodně moučněte a přeneste na plech s pečicím papírem. Nechte kynout ještě 30 minut. Troubu si rozehřejte na 230°C a než dáte plech do trouby, udělejte ostrým nožem do bagety zářezy. Na dno trouby dejte rendlík s ledovou vodou, aby bagetky lépe nakynuly. Pečte podle potřeby. Kdo udělá menší nohavice, stačí 20 minut. Pokud uděláte dvě, pečte trochu déle cca 25-30 minut.
Děkuji Monče za její opět úžasný a bezkonkurenční recept. Bageta je nádherně vláčná po bramborách, nedrobí se a je zvenku křupavá.",recept/163511/bramborova-bageta,Bramborová bageta
85,"MOUČNÍKY, POHÁRY","1/2 kg hladké mouky, 4,2g droždí, 300ml mléka, 8 dkg cukru krystal, 100 ml majonézy, 1 dcl oleje, 2 žloutky, špetka soli, 1 vajíčko na potírání, hrozinky nebo mandle","Kdo má pekárnu, nechá zpracovat a kynout těsto na PRG Těsto, kdo nemá, zadělá těsto klasicky. Po nakynutí rozdělíme těsto na 3 díly, rozválíme placku a vykrajujeme kolečka, klademe na plech, prsty vytlačujeme střed, okraje potřeme rozkvedlaným vajíčkem, střed koláčků vyplníme jakoukoli náplní (tvarohovou, makovou, džem, povidla), dozdobíme rozinkami nebo mandličkami a pečeme 25-30min při 175°C. Z této dávky bylo cca 65 kusů v průměru asi 8cm koláčků a dva větší, viz foto. Koláčky vydrží vláčné i druhý den.",recept/163510/poutove-kolacky-z-majolky,Pouťové koláčky z majolky
86,DORTY,"Ořechové pláty, marmeláda s rumem a krém z pomazánkových másel se šlehačkou.","Boční stěny  a horní strana dortu  jsou pomazané nastavovaných máslovým krémem, do kterého je přidána bílá barva Wilton, aby byl sněhově bílý. Na dolní fotce je ta barva líp vidět......",recept/163509/nahac-s-hortenzii,Naháč s hortenzií
89,DORTY,tmavý korpus + pařížská šlehačka....natřeno bílkovým krémem,váha - 3.2 kg,recept/163506/narozeninovy-borek-stavitel,****NAROZENINOVÝ - Bořek stavitel***
90,POMALÝ HRNEC,"* KULIČKY: 500 g mletého masa (mix hovězího a vepřového), 2 vejce, strouhanka, 3 stroužky česneku, sůl, pepř, mletá paprika, bylinky (bazalka, oregáno, petrželka), na naplnění sýr (Eidam, Gouda, Niva, Mozarella...), cibule na vyložení hrnce; * TARHOŇA: 200 g tarhoni, asi 5 žampionů, 5 plátků sušených rajčat, 1 cibule, olej na osmažení tarhoni, 1 lžička sladké papriky, špetka uzené papriky, sůl, bílý pepř, 2 lžíce oleje ze sušených rajčat, bylinky na ozdobení (lahůdkovou cibulku, petržel, bazalku...)","V míse smíchat maso + vejce + prolisovaný česnek + sůl + pepř + papriku + bylinky, podle potřeby dohustit strouhankou.Sýr pokrájet na menší kostky.Z masové hmoty utvořit placku, doprostřed vložit kousek sýra a zabalit do kuličky.Cibuli pokrájet a nasypat na dno hrnce.Na cibuli rozložit kuličkyPomalit 5 hodin na LOW.
Tarhoňu restovat na 2 lžících oleje. Jakmile začne chytat zlatou barvu, přidat papriku + uzenou papriku, rychle zamíchat a hned přilít horkou vodu. Přidat sůl + trochu pepře, vařit na nejslabším plameni asi 10 minut (občas promíchat a podle potřeby přidávat horkou vodu tak, aby to po těch 10 minutách nebylo vysušené, ale aby už tam nebyla volně tekoucí voda).Potom odstavit a nechat pod poklicí dojít.Na oleji z rajčat orestovat na drobno pokrájenou cibuli - jakmile začne cibule zlátnout, přidat na kostky pokrájená rajčata + žampiony, nakrájené na osminky nebo plátky.Společně restovat do změknutí žampionů.Zeleninu smíchat s tarhoňou.Na talíři posypat bylinkami.",recept/163502/kulicky-plnene-syrem-s-tarhonou,Kuličky plněné sýrem s tarhoňou
91,POMALÝ HRNEC,"kuřecí díly, koření na kuře, 1 patizon, 1-2 cibule, cca 10 stroužků česneku, máslo na vymazání hrnce","Patizon oloupat, odstranit vnitřek s peckama, pokrájet na kostky a dát do máslem vymazaného hrnce. K tomu přidat na plátky pokrájenou cibuli a česnek (část zamíchat s patizonem a část nasypat nahoru na maso).Na patizon rozložit kuřecí díly a posypat kořením na kuře.Pomalit 5-6 hodin na LOW.",recept/163501/kure-na-patizonu,Kuře na patizonu
93,DORTY,"Recept jsem našla u paní Jana N. (janaanaj) ID 124485 za což jí velice děkuji! Jedná se o kakaový (hodně kakaový) korpus a krém z tvarohu, šlehačky a mascarpone.","Velikost forem je 30, 24 a 17 cm a je dělaný ze 3 dávek původního receptu, taktéž i krému jsou 3 dávky. Udělala jsem si jednu dávku těsta a rozdělila ji do všech forem, upekla a zase znovu a znovu :-) Každá ""placka"" je tedy pečená zvlášť. Krému jsem udělala 2 dávky a jednotlivá patra slepila. Přes noc jsem je nechala odpočívat v lednici a kopletovala to až druhý den ráno, třetí dávkou krému, v den svatby. Vše krásně drželo. Do krému jsem dala tučný tvaroh z papírku a do šlehačky jsem dala pro jistotu ztužovač. Váha asi 7 kg... Doporučuji! ;-)",recept/163499/dort-nahac-na-svatbu,Dort naháč (na svatbu)
95,"MOUČNÍKY, POHÁRY","2 hrnky špaldové mouky (Lídl – na sušenky/koláče,) 1 hrnek jemných ovesných vloček, 1/2 hrnku cukru, 3/4 hrnku oleje, 3/4 hrnku plnotučného mléka, 3 větší nahrubo nastrouhaná jablka, 3 vejce, 2 lžičky chia semínek, 4 lžičky skořice, 1 prášek do pečiva","Vše kromě nastrouhaných jablek pořádně šlehačem smícháme dohromady, pak přimícháme vařečkou nastrouhaná jablka. Je to opravdu tekuté těsto, takže se nelekejte.Vymažeme a vysypeme si větší plech, na který těsto vlijeme a pečeme ve středně vyhřáté troubě (cca 165°) přibližně půl hodiny.Doporučuji podávat se zakysanou smetanou.Poznámka",recept/163497/hrnkove-rezy-s-ovesnymi-vlockami-a-jablky-toprecepty-cz,Hrnkové řezy s ovesnými vločkami a jablky-toprecepty.cz
96,CUKROVÍ,"Těsto: 100 g ovesných vloček, 80 g mrkve, 80 g polohrubé mouky, 60 g medu, 30 g másla, 1 vejce, 1 lžička skořice, ½ lžičky prášku do pečiva, špetka soli, rozinky (nemusí být).","Ovesné vločky rozmixujeme. Mrkev nastrouháme najemno. Rozehřáté máslo prošleháme s vajíčkem, tekutým medem, skořicí a solí. Vmícháme vločky, mouku s práškem a nakonec mrkev. Můžeme přidat rozinky. Těsto odložíme na půl hodiny do chladna. Vytvarujeme 20 kuliček, které naskládáme na plech s pečícím papírem a mírně je rukou přimáčkneme (zploštíme). Pečeme v troubě předehřáté na 170°C (já pekla 30 minut). Sušenky jsou měkké, málo sladké, voní skořicí a medem. Rychle mizí.",recept/163496/ovesne-mrkvove-susenky,Ovesné mrkvové sušenky
97,"MOUČNÍKY, POHÁRY","1 testo 6 vajec,17dkg cukr krupice,20dkg polohrube mouky.            2 testo 5 bilku 7dkg cukr krupice, 30dkg cukr moucka.                   Merunkova marmelada,slehacka a cervena marmelada na ozdobu","1 testo rozdelime si vejce.Bilky vyslehame s pulkou cukru (8,5dkg) cukru,zloutky uslehame se zbylou pulkou cukru (8,5dkg),pridame mouku tu zaslehame a pomalu zamichame bilky.                      2 testo vyslehame bilky s cukrem a pote pridame mouckovy cukr a vyslehame znovu.                                                                                Nanasime na plech 1prouzek 1 testa (zlute) 2 prouzek 2 testa (snih) a stridame. Druhy plech udelame obracene 1 prouzek snih,2 prouzek testo.                                                                               Peceme na 180 stupnu. Upeceny plat obratime a jeste teple mazeme merunkovou marmeladou a priklopime druhym platem.  Krajime teple.Ozdobime slehackou a marmeladou.",recept/163495/tatranske-rezy,Tatranské řezy
98,POMALÝ HRNEC,"králičí díly (ideálně stehna, je možné přihodit i jiný druh masa - kotletu, bůček, kuře....), v případě potřeby trochu jíšky; * MARINÁDA: 1 dcl oleje, 1 lžička soli, 2 lžičky kečupu, 2 lžičky hořčice, ½ lžičky mletého bílého pepře, 1 lžička sladké papriky, 1 větší cibule, 5 stroužků česneku","Připravit marinádu - cibuli pokrájet na drobno, česnek prolisovat + přidat ostatní suroviny a namíchat pastu.Králičí maso potřít marinádou, vložit do hrnce a hrnec uložit do lednice nejméně na 24 hodin.Poté přidat panáka vody a pomalit na LOW 5-6 hodin.V případě potřeby výpek trochu zahustit jíškou.",recept/163494/berovicky-kralik,Béřovický králík
99,POMALÝ HRNEC,"masová směs na sekanou, cibule, 3 vejce, ½ papriky - kapie, 50 g sýra mozarella, 1 pikantní klobása, plátky slaniny na obalení rolády","Nejprve si připravit suroviny na náplň - z vajec udělat míchanici, papriku nakrájet na proužky, sýr pokrájet na kolečka/proužky.Masovou směs rovnoměrně rozprostřít na naolejovanou folii do tvaru obdélníku.Na celou plochu rozetřít míchanici z vajec.Na kraj plátu položit klobásu, papriky a sýr a celé zarolovat.Roládu obalit plátky slaniny a zajistit.Na dno hrnce rozložit cibuli pokrájenou na kolečka, na cibuli položit roládu.
Pomalit na LOW 6 hodin.",recept/163493/rolada-ze-sekane,Roláda ze sekané
100,"MOUČNÍKY, POHÁRY","papírové košíčky na muffiny, piškotové těsto, modelovací hmota ( zde Pasta dama Stella ) a pár cukrových perliček, vykrajovátka ( nemusí být )","Upečeme libovolné těsto v košíčcích, ideálně takové, které nedělá boule - já dělám z receptu na klasický piškotový korpus. Necháme vychladnout. Základem pro zdobení je kolečko z marcipánu velikosti průměru muffinky. Pak už záleží jen na fantazii. Můžeme použít vykrajovátka nebo modelujeme z marcipánu. Vložíme do krabičky a máme krásný a originální dárek. Je to opravdu jednoduché, u nás velice oblíbené u dětí.",recept/163491/sada-muffinek-jako-darek,SADA MUFFINEK JAKO DÁREK
101,"PIZZY, CHLEBY","250ml vlazne vody,3 lzice oleje,2 lzicky cukru,pul lzicky soli,drozdi,400 g hladke mouky","zadelame kvasek,zadelame testo   a nechame vykynout,vykynute testo dame do trouby pect do formy toustu  cca na pul hodky ja pekla v remosce a taky  super:-) recept mam od carovne skupinky!",recept/163490/toustovy-chlebik-v-remosce,toustový chlebík v remosce
104,DORTY,spodní patro - čokoládový  korpus + pařížský krém....3 patro - světlý korpus + šlehačkovo-tvarohový krém + ovoce....2 patro - ořechový korpus + karamelový krém......1 patro -světlý korpus + mascarpone krém s malinani....potaženo i zdobeno Smartflex velvet-mandle,váha 11.8kg,recept/163487/svatebni-patrovy,***SVATEBNÍ - PATROVÝ***
105,"MOUČNÍKY, POHÁRY","3 hrnky jemných ovesných vloček, 3 vejce, 1 bílý jogurt, 3 lžíce medu, 2 najemno nastrouhaná jablka, půl prášku do pečiva, 3 lžíce kokosáku ( případně oliváč nebo máslo), lžička skořice, ořechy, rozinky, brusinky,...co máte doma","Vše smícháš dohromady, dáš do vymazané formy, pečeš v předehřáté troubě.",recept/163486/fit-babovka,FIT BÁBOVKA
106,DORTY,"Ořechový korpus,tvaroháček,máslový krém a Smat Velwet mandle","Náročný dort na čas,zvlášt,když člověk má zrovna týden plný dvanáctek :-)",recept/163485/kdyz-se-sejdou-tri-hvezdy,Když se sejdou tři hvězdy
107,DORTY,"piškotový korpus, krém, potah K2, ostatní modelace smartflex velvet, gelové barvy","13ti kilový mazlík, 48 vajec, byl skládaný z jednotlivých plátů + chaloupka (ordinace)moje životní dílo :-) a první modelování, všechny, kdo to umí obdivuju, sama jsem modelovala asi měsíc po večerech a stejně některá zvířata moc věrohodně nevypadají :-( byli to pacienti pana doktora + jeho koníčky fotbal a chov papoušků, proto to fotbalové zátiší a ary",recept/163484/pro-veterinare,pro veterináře
108,DORTY,"piškotový korpus, krém, potahovka K2, jedlé fotografie, dekorgel, cukrové ozdoby",pro inspiraci,recept/163483/konacky,koňácký
109,"MOUČNÍKY, POHÁRY","Těsto: 3 vejce, 3 lžíce cukru, 2 lžíce teplé vody, 1/2 prášku do pečiva, 4 lžíce polohrubé mouky, Krém: 1/2 litru mléka, 1 a 1/2 karamelového pudinku, cukr, Be Be sušenky 2 balení, čokoládová poleva","Uvaříme pudink dle návoduUtřeme žloutky s cukrem a vodou, postupně vmícháme mouku s práškem do pečiva.Nakonec zapracujeme sníh z bílků. Těsto nalijeme na vymazaný a vysypaný plech.Pečeme do růžova - zkusíme špejlí.Uvařený a zchladlý pudink rozšleháme mixerem a natřeme na buchtu. Poklademe sušenkami Be Be a polijeme čokoládovou polevou
PoznámkaDo pudingu můžeme dát při šlehání kousek másla a moučkového cukru.",recept/163482/be-be-moucnik-toprecepty-cz,Be Be  moučník-toprecepty.cz
112,DORTY,"piškotový korpus, krém, potah smartlflex velvet","vyřezávané siluety zvířat, ručně domalovaný gelovými barvami",recept/163479/myslivecky,myslivecký
113,DORTY,"piškotový korpus, krém, smartflex velvet","krémový oplet, prasátkoa ozdoby smartflex",recept/163478/myslivecky-s-divocakem,myslivecký s divočákem
114,DORTY,"piškotový korpus, krém, potah a ozdoby smartflex velvet",jelen kreslený jedlou fixou,recept/163477/myslivecky-s-jelenem,myslivecký s jelenem
115,DORTY,"piškotový korpus, krém, čokoláda, kokos, ozdoby smartflex velvet",klasický krémový,recept/163476/dvoupatrovy-se-slunecnicemi,dvoupatrový se slunečnicemi
116,DORTY,"piškotový korpus, krém, potah a figurka Pasta dama Stella, čokoládové míčky",inspirováno Mimibazarem,recept/163475/fotbalovy,fotbalový
117,DORTY,"piškotový korpus, krém barvený gelovými barvami, ozdoby smartflex velvet, cukrové kytičky",klasický krémový,recept/163474/s-kravickou,s kravičkou
118,DORTY,"piškotový korpus, krém, čokoláda, ozdoby smartflex velvet",pro inspiraci,recept/163473/podkova,podkova
123,DORTY,JEN PRO ISNSPIRACI,"Medové pláty na spodní dort  - 9 ks, na horní dort - 9 ksKrém: karamelový s máslem a karamelovým neslazeným pudinkemKrém: smetanový z 500 ml smetany na šlehání 33%Sirup na korpusy: 1 PL karamelového mléka + 100 ml převařené vychlazené vody + 1 ČL rozspustné kávy                              a 1 PL rumu (nebo rumové esence)Dále: drcené odkrojky medových plátů a hrst opražených vlašských drcených ořechů na posypáníČokohmota na horním malém dortu + růžičky z domácího mléčného marcipánuPrůměr spodního dortu = 25 cm, průměr horního dortu = 19 cm 
Váha spodního dortu: 2350 gVáha horního dortu:   1550 gCELKOVÁ VÁHA DORTU: 3900 g",recept/163466/medovy-s-kytickami,MEDOVÝ S KYTIČKAMI
124,POMALÝ HRNEC,"* DROBENKA: 80 g másla, 100 g ovesných vloček (jemné Emco), 70 g pšeničné mouky (může být i celozrnná), 70 g třtinového cukru, 1 lžička skořice, špetka soli; * NÁPLŇ: 4-5 jablek, 8 větších švestek (samozřejmě je možno použít jiný poměr ovoce i jiné druhy), 70 g třtinového cukru, 30 g vanilkového cukru, ½ lžičky skořice; * NA POVRCH: plátky mandlí (nebo jiných ořechů); * KRÉM: lžíce Mascarpone, 2 lžíce zakysané smetany (a případně na poprášení trochu strouhané hořké čokolády)","Dno hrnce vymazat máslem.Jablka oloupat, vykrojit jádřinec a pokrájet na cca 1 cm silné plátky, švestky vypeckovat a pokrájet na čtvrtky.Ovoce nasypat do hrnce a přidat třtinový cukr + vanilkový cukr + skořici.Směs promíchat.Ze všech surovin na drobenku připravit drobenku a  navrstvit jí na jablka, povrch posypat mandlemi.
Pomalit na LOW 3 hodiny (HIGH 2 hodiny).Poté hrnec vypnout a nechat stát ještě minimálně ½ - 1 hodinu (a klidně déle - víc rozleželé je lepší, výborné i studené).Mascarpone a kysanou smetanu umíchat v hladký krém - přidat na talíři.",recept/163464/crumble-jablecno-svestkovy,Crumble - jablečno-švestkový
125,POMALÝ HRNEC,"krůtí plátky, pórek, plátky šunky, plátky tvrdého sýra, směs koření na kuře, 4 menší rajčata, 1 cibule, sladká smetana, bujón, instantní jíška","Plátky masa naklepat do tenka a poprášit kořením na kuře.Na maso položit plátky šunky a sýra, na to rozložit pórek, pokrájený na kolečka.Zamotat roládky a zajistit.Na dno hrnce rozprostřít cibuli, na ní položit závitky.Rajčata spařit, pokrájet na měsíčky a přidat do hrnce.Podlít cca 100 ml vody a přidat trochu bujónu.
Pomalit na LOW  5 hodin (HIGH 4 hodiny).Poté roládky z hrnce vyndat, omáčku rozmixovat do hladka, přilít smetanu (nechat chvilku prohřát) a zahustit jíškou.",recept/163463/kruti-rolky-s-porkem,Krůtí rolky s pórkem
126,POMALÝ HRNEC,"500 g mletého vepřového masa, 100 g nastrouhaného tvrdého sýra (Ementál, Gouda...), 2 lžíce hladké mouky, 2 vejce, petrželka, bílý pepř, sůl, strouhanka (nejlépe Panko strouhanka), máslo","V míse smíchat maso + sýr + vejce + mouku + pepř + sůl + pokrájenou petrželku (v případě potřeby dohustit strouhankou).Z hmoty vytvarovat několik bochánků (7 po cca 100 g) a  lehce je obalit ve strouhance.Dno hrnce vymazat máslem, rozložit do něj řízky a na povrch každého položit kousek másla.Pomalit na LOW 5 hodin (HIGH 4 hodiny).",recept/163462/holandske-rizky,Holandské řízky
127,POMALÝ HRNEC,"500 g mletého masa, 5 strouž­ků česneku, 1 vejce, 1 šalotka, trocha smetany nebo mléka, sůl, pepř,sladká paprika, několik plátků slaniny na vyložení hrnce, 5-6 vajec uvařených natvrdo, strouhanka (nejlépe Panko)","Maso + vejce + šalotka, pokrájená na drobno + prolisovaný česnek + pepř + sůl + paprika + smetana - vypracovat směs.Masovou směs rozdělit na 5-6 dílů.Z každého dílu v ruce udělat placku, zapracovat natvrdo uvařené vejce a obalit ve strouhance.Na dno hrnce rozložit slaninu,  na ní poskládat vejce a podlít trochou vody.Pomalit na LOW  5 hodin (HIGH 4 hodiny).",recept/163461/pstrosi-vejce,Pštrosí vejce
128,POLÉVKY,"Celý česnek, máslo, zeleninový vývar, 6 brambor, mletý kmín, sůl, pepř, smetana na šlehání, rohlíky či chleba","Česnek nakrájíme na tenké plátky a osmažíme na másle. Přidáme mouku. Odstavíme a zalijeme sklenicí studené vody. Přidáme zeleninový vývar (na 1 hlavu česneku 1 litr vývaru) a dle chuti osolíme, opepříme. Jak to sevře, přidáme brambory nakrájené na malé kostičky a kmín. Povaříme, až brambory změknou. Rozmixujeme ponorným mixérem. Přidáme smetanu na vaření a jak to sevře, odstavíme. Ozdobíme petrželkou či pažitkou. Podáváme s krutonky - malé kousky rohlíku či chleba osmažíme na másle a posypeme pizza kořením. Rovněž je možné posypat strouhaným sýrem.",recept/163460/cesnekovy-krem-s-krutonky,Česnekový krém s krutónky
129,POMALÝ HRNEC,"400 g hovězího masa, 1 červená cibule, 1 velká červená kapie, 4 stroužky česneku, čerstvé bylinky (koriandr a bazalka), sůl, pepř, 1 lžíce medu, 1 lžíce Worcestrové omáčky, 2 lžíce sojové omáčky","Na dno hrnce dát pokrájenou červenou cibuli.Na cibuli rozložit hovězí maso pokrájené na kostky (lehce osolit a opepřit), na maso na proužky nakrájenou červenou kapii, na plátky pokrájený česnek a čerstvé bylinky.Pomalit na LOW 5 hodin. Poté přidat med + Worcestrovou omáčku + sojovou omáčku a vše promíchat.",recept/163459/hovezi-kostky-s-paprikou-a-koriandrem,Hovězí kostky s paprikou a koriandrem
130,POMALÝ HRNEC,"kuřecí maso (nejlépe stehenní řízky), chřest, strouhaný tvrdý sýr, sladká smetana, máslo, bílý pepř, sůl","Oloupat chřest a rozdělit zhruba na třetiny, kuřecí maso osolit a opepřit.Hrnec lehce vymazat máslem a na dno nasypat nejsilnější (tedy spodní) díly chřestu.Na to rozložit maso + vrchní díly chřestu (s hlavičkama), vše zasypat nahrubo nastrouhaným tvrdým sýrem a zalít smetanou.Pomalit na LOW 5 hodin.",recept/163458/kureci-s-chrestem,Kuřecí s chřestem
131,POMALÝ HRNEC,"krůtí křídla, kysané nebo sterilované bílé zelí, cibule, cukr, směs koření ""Vepřová pečeně""","Na dno hrnce rozložit pokrájenou cibuli.Na cibuli rozložit zelí, pocukrovat (v závislosti na kyselosti zelí a zvyklosti).Křídla okořenit a položit na zelíPomalit na LOW 5  hodin.",recept/163457/kruti-kridla-na-zeli,Krůtí křídla na zelí
132,POMALÝ HRNEC,"krůtí stehna, cibule, 1dcl černého piva (nebo vody); * NA MARINÁDU: 1 lžička grilovacího koření (používám od Avokáda Grilovací koření s česnekem), 1 lžička sladké papriky, ½ lžičky granulovaného česneku, bílý pepř, olej","12-24 hodin předem připravit marinádu - všechny suroviny smíchat.Krůtí nohy na několika místech proříznout, marinádu zatřít do masa, přendat do uzavřené nádoby a nechat uležet v chladničce.Do hrnce na dno rozložit cibuli pokrájenou na kolečka, na ní položit stehna, podlít panákem černého piva (nebo vody).Pomalit na LOW 5 hodin (HIGH 4 hodiny).Maso vyjmout, šťávu s cibulí rozmixovat ponorným mixérem, případně zahustit trochou hotové jíšky (a případně dosolit).",recept/163456/marinovane-kruti-nozky,Marinované krůtí nožky
133,DORTY,"Ořechové korpusy, rozkrojené, natřené rybízovou marmeládou a krémem mascarpone se šlehačkou a ztužovačem.","Spojené korpusy seshora potřené máslovým, nastavovaným krémem, di kterého jsem přidala jedlou bílou barvu Wilton, aby byl krém sněhově bílý a na vrchní stranu naaranžovala ovoce, které bylo potřeno želatinou.",recept/163455/nahac,Naháč
135,"MOUČNÍKY, POHÁRY","na těsto: 180 g mletého cukru, 100 g mletého máku, 3 žloutky, 3 bílky, 2 dcl mléka, 200 g hladké mouky, 1 lžička kypřícího prášku, 100 g másla, 1 kg švestek, na makovou drobenku : 100 g mletého máku, 90 g hrubé mouky, 70 g másla, 65 g cukru","2 dcl mléka svaříme s 100 g mletého máku (asi 2 min.) a necháme vychladnout. Ušleháme žloutky s cukrem, přidáme změklé máslo, přidáme vychladlou makovou směs a nakonec mouku s kypřícím práškem. Do toho zlehka vmícháme nadýchaný sníh z bílků. Vymažeme plech. Vylijeme těsto. Poklademe půlkami švestek. Posypeme makovou drobenkou. Pečeme na 160 - 180 st. C asi 25 min. (dle trouby). PS.: než jsem ochutnala tyto řezy, tak jsem byla zapřísáhlý odpůrce všeho s mákem. Tyto řezy jsou ovšem famózní a nikdy nevydrží do večera.",recept/163453/makove-rezy-se-svestkami,Makové řezy se švestkami
136,"MOUČNÍKY, POHÁRY","125g másla, 2 hrnky polohrubé mouky, 1 hrnek cukru krupice Prášek do pečiva, vanilkový cukr. 2 vejce, 3/4 hrnku mléka. Čerstvé ovoce - čím více tím lépe.","Nemám moc ráda hrnkové buchty, obvykle pro mě nemají žádnou chuť. Tento koláč jsem objevila na internetu a je to úplně jiná liga. Navíc je tak jednoduchý, že ho zvládne i malá holka :)rnRáda používám jiné mouky než obyčejné, takže ho peču z mouky špaldové, dále z pravého vanilkového cukru, třtinového cukru atd.rnPostup je skutečně snadný:rnZapněte troubu na 200 stupňů a vymažte koláčovou kulatou formu.rnDo větší mísy nasypte cukr, mouku a máslo. Elektrickým šlehačem vyšlehejte sypkou hmotu. Jeden hrnek této drobenky dejte stranou. Do zbylé drobenky vsypte prášek do pečiva a vanilkový cukr. Opět prošlehejte. Nakonec přidejte 2 celá vejce a mléko. Šlehejte dále šlehačem, dokud nebude těsto úplně hladké.rnTěsto vylijte do vymazané formy, navrch nasypte čerstvé ovoce (ostružiny, maliny a podobně) a pak to všechno zasypte drobenkou z hrnku.rnDejte péct na 20 až 30 minut.",recept/163452/kolac-s-cerstvym-ovocem-s-drobenkou,Koláč s čerstvým ovocem s drobenkou
138,DORTY,"Světlý piškotový korpus, tvarohový krém s čerstými jahodami, máslovo-salkový krém pod potahovku, vlastní potahovka, barveno práškovými a gelovými barvami","Rozměr 28*22cm, váha 3 kg",recept/163450/sponegobob-2017,Sponegobob (2017)
140,DORTY,"Čokoládový korpus, pařížský čokoládový krém, máslovo-salkový krém pod potahovku, vlastní potahovací hmota, barveno práškovými barvami","velikost 30*30cm, váha 3kg",recept/163447/minecraft-2017,Minecraft (2017)
141,DORTY,"zelí: čokoládová korpus, malinovo-tvarohový krém, máslovo salkový krém pod potahovku, vlastní potahovací hmota, barveno práškovými barvamirnkrálíček: světlý piškotový korpus, malinovo.tvarohový krém, máslovo-salkový krém pod potahovku, vlastní potahovací hmota, barveno airbrush","průměr dortu (zelí) 22cm, váha 2,8kg",recept/163446/kralicek-na-zeli-2017,Králíček na zelí (2017)
142,"MOUČNÍKY, POHÁRY","400 g nahrubo nastrouhané cukety, 3 vejce, 100 g cukru (pozn.: kdo má rád sladší koláče, přidá více cukru), 100 ml (g) oleje, 100 g nahrubo nasekaných vlašských ořechů, 100 g celozrnné špaldové mouky, 100 g polohrubé mouky, 2 lžičky kypřícího prášku,  1/2 lžičky jedlé sody, 100 g mletého máku","Sádlem vymažeme menší plech a vysypeme pohohrubou moukou.Všechny ingredience smícháme dohromady, vylijeme na plech.Pečeme na 180 st. C asi 20 - 25 min.Vychladlé lze potřít jahodovou marmeládou a čokopolevou - včera, když jsem ho pekla,  jsem to ale nestihla, koláč zmizel z plechu přímo před očima - fotku jsem už nestihla udělat.pozn.: 1.) celozrnnou špaldovou mouku lze nahradit polohrubou2.) kdo má rád sladší koláče, přidá cukr
3.) včera jsem omylem  zapoměla zamíchat mák do těsta, a už jsem měla těsto vylité na plechu, tak jsem jen posypala mákem nahoru cca 30 g - a bylo ohodnoceno velice kladně.",recept/163445/cuketovy-kolac-s-makem-a-orechy-lze-i-bez-maku,Cuketový koláč s mákem a ořechy (lze i bez máku)
